id;name;start;end;students
1;mobile Fish;2019-10-27;2019-10-27;59685
2;Dam;2019-10-27;2019-10-27;45924
3;seamless Metal deposit;2019-10-27;2019-10-27;72199
4;Implementation Electronics Officer;2019-10-27;2019-10-27;61165
5;Grocery Home;2019-10-27;2019-10-27;39986
6;Gorgeous Frozen Pants;2019-10-27;2019-10-27;9060
7;Savings Account syndicate Planner;2019-10-27;2019-10-27;85994
8;Yuan Renminbi Centers;2019-10-27;2019-10-27;94220
9;South Dakota envisioneer Music;2019-10-27;2019-10-27;24102
10;Bahamian Dollar Investment Account;2019-10-27;2019-10-27;17336
